[
    {
        "model": "books.author",
        "pk": 1,
        "fields": {
            "name": "Лев Толстой",
            "date_of_birth": "1828-09-09",
            "date_of_death": "1910-11-20",
            "bio": "Российский писатель, философ и общественный деятель."
        }
    },
    {
        "model": "books.author",
        "pk": 2,
        "fields": {
            "name": "Федор Достоевский",
            "date_of_birth": "1821-11-11",
            "date_of_death": "1881-02-09",
            "bio": "Российский писатель, автор многих классических произведений."
        }
    },
    {
        "model": "books.author",
        "pk": 3,
        "fields": {
            "name": "Антон Чехов",
            "date_of_birth": "1860-01-29",
            "date_of_death": "1904-07-15",
            "bio": "Российский драматург и писатель, мастер короткой прозы."
        }
    },
    {
        "model": "books.author",
        "pk": 4,
        "fields": {
            "name": "Иван Тургенев",
            "date_of_birth": "1818-11-09",
            "date_of_death": "1883-09-03",
            "bio": "Русский писатель и драматург, известный своими романами."
        }
    },
    {
        "model": "books.author",
        "pk": 5,
        "fields": {
            "name": "Михаил Булгаков",
            "date_of_birth": "1891-05-15",
            "date_of_death": "1940-03-10",
            "bio": "Российский писатель и драматург, автор 'Мастера и Маргариты'."
        }
    },
    {
        "model": "books.author",
        "pk": 6,
        "fields": {
            "name": "Сергей Есенин",
            "date_of_birth": "1895-10-03",
            "date_of_death": "1925-12-28",
            "bio": "Русский поэт, один из самых известных в XX веке."
        }
    },
    {
        "model": "books.author",
        "pk": 7,
        "fields": {
            "name": "Александр Блок",
            "date_of_birth": "1880-11-28",
            "date_of_death": "1921-08-07",
            "bio": "Русский поэт и драматург, представитель серебряного века."
        }
    },
    {
        "model": "books.author",
        "pk": 8,
        "fields": {
            "name": "Иосиф Бродский",
            "date_of_birth": "1940-05-24",
            "date_of_death": "1996-01-28",
            "bio": "Русский поэт, драматург и лауреат Нобелевской премии по литературе."
        }
    },
    {
        "model": "books.author",
        "pk": 9,
        "fields": {
            "name": "Андрей Платонов",
            "date_of_birth": "1899-08-28",
            "date_of_death": "1951-01-05",
            "bio": "Советский писатель и философ, известный своими сложными произведениями."
        }
    },
    {
        "model": "books.author",
        "pk": 10,
        "fields": {
            "name": "Саша Черный",
            "date_of_birth": "1880-01-01",
            "date_of_death": "1932-10-05",
            "bio": "Российский поэт и писатель, известный своими стихами и рассказами."
        }
    },
    {
        "model": "books.author",
        "pk": 11,
        "fields": {
            "name": "Николай Гоголь",
            "date_of_birth": "1809-04-01",
            "date_of_death": "1852-03-04",
            "bio": "Русский писатель, драматург и поэт, автор 'Мертвых душ'."
        }
    },
    {
        "model": "books.author",
        "pk": 12,
        "fields": {
            "name": "Александр Пушкин",
            "date_of_birth": "1799-06-06",
            "date_of_death": "1837-02-10",
            "bio": "Русский поэт, драматург и прозаик, основоположник современного русского литературного языка."
        }
    },
    {
        "model": "books.author",
        "pk": 13,
        "fields": {
            "name": "Владимир Набоков",
            "date_of_birth": "1899-04-22",
            "date_of_death": "1977-07-02",
            "bio": "Русский и американский писатель, автор 'Лолиты'."
        }
    },
    {
        "model": "books.author",
        "pk": 14,
        "fields": {
            "name": "Максим Горький",
            "date_of_birth": "1868-03-28",
            "date_of_death": "1936-06-18",
            "bio": "Русский и советский писатель, основоположник социалистического реализма."
        }
    },
    {
        "model": "books.author",
        "pk": 15,
        "fields": {
            "name": "Владимир Маяковский",
            "date_of_birth": "1893-07-19",
            "date_of_death": "1930-04-14",
            "bio": "Русский и советский поэт, драматург, художник и актер."
        }
    },
    {
        "model": "books.author",
        "pk": 16,
        "fields": {
            "name": "Анна Ахматова",
            "date_of_birth": "1889-06-23",
            "date_of_death": "1966-03-05",
            "bio": "Русская поэтесса, одна из крупнейших фигур русской литературы XX века."
        }
    },
    {
        "model": "books.author",
        "pk": 17,
        "fields": {
            "name": "Осип Мандельштам",
            "date_of_birth": "1891-01-15",
            "date_of_death": "1938-12-27",
            "bio": "Русский поэт и эссеист, один из крупнейших поэтов Серебряного века."
        }
    },
    {
        "model": "books.author",
        "pk": 18,
        "fields": {
            "name": "Марина Цветаева",
            "date_of_birth": "1892-10-08",
            "date_of_death": "1941-08-31",
            "bio": "Русская поэтесса и писательница, одна из крупнейших фигур русской литературы XX века."
        }
    },
    {
        "model": "books.author",
        "pk": 19,
        "fields": {
            "name": "Борис Пастернак",
            "date_of_birth": "1890-02-10",
            "date_of_death": "1960-05-30",
            "bio": "Русский поэт, писатель и переводчик, автор 'Доктора Живаго'."
        }
    },
    {
        "model": "books.author",
        "pk": 20,
        "fields": {
            "name": "Владимир Высоцкий",
            "date_of_birth": "1938-01-25",
            "date_of_death": "1980-07-25",
            "bio": "Советский поэт, актер, автор и исполнитель песен."
        }
    },
    {
        "model": "books.genre",
        "pk": 1,
        "fields": {
            "name": "Роман"
        }
    },
    {
        "model": "books.genre",
        "pk": 2,
        "fields": {
            "name": "Поэзия"
        }
    },
    {
        "model": "books.genre",
        "pk": 3,
        "fields": {
            "name": "Драма"
        }
    },
    {
        "model": "books.genre",
        "pk": 4,
        "fields": {
            "name": "Проза"
        }
    },
    {
        "model": "books.genre",
        "pk": 5,
        "fields": {
            "name": "Фантастика"
        }
    },
    {
        "model": "books.genre",
        "pk": 6,
        "fields": {
            "name": "Детектив"
        }
    },
    {
        "model": "books.genre",
        "pk": 7,
        "fields": {
            "name": "Исторический роман"
        }
    },
    {
        "model": "books.genre",
        "pk": 8,
        "fields": {
            "name": "Философская литература"
        }
    },
    {
        "model": "books.genre",
        "pk": 9,
        "fields": {
            "name": "Сатира"
        }
    },
    {
        "model": "books.genre",
        "pk": 10,
        "fields": {
            "name": "Биография"
        }
    },
    {
        "model": "books.book",
        "pk": 1,
        "fields": {
            "title": "Война и мир",
            "summary": "Эпопея о жизни и судьбах людей в годы войны.",
            "description": "Роман Льва Толстого, охватывающий широкий круг исторических событий и судьбы множества персонажей. В книге рассматриваются темы любви, войны, мира и человеческой природы. Это одно из самых значительных произведений мировой литературы.",
            "authors": [1],
            "genre": [1, 7]
        }
    },
    {
        "model": "books.book",
        "pk": 2,
        "fields": {
            "title": "Преступление и наказание",
            "summary": "Роман о внутренней борьбе и последствиях преступления.",
            "description": "Произведение Федора Достоевского о студенте, морали и наказании. В книге исследуются темы вины, искупления и человеческой природы. Это одно из самых известных произведений русской литературы.",
            "authors": [2],
            "genre": [1, 6]
        }
    },
    {
        "model": "books.book",
        "pk": 3,
        "fields": {
            "title": "Три сестры",
            "summary": "Драма о жизни и мечтах трех сестер.",
            "description": "Пьеса Антона Чехова, отражающая тоску и стремления главных героинь. В книге рассматриваются темы любви, утраты и человеческой природы. Это одно из самых известных произведений русской драматургии.",
            "authors": [3],
            "genre": [3]
        }
    },
    {
        "model": "books.book",
        "pk": 4,
        "fields": {
            "title": "Отцы и дети",
            "summary": "Роман о столкновении поколений.",
            "description": "Роман Ивана Тургенева, исследующий социальные и философские темы. В книге рассматриваются темы любви, конфликта поколений и человеческой природы. Это одно из самых известных произведений русской литературы.",
            "authors": [4],
            "genre": [1]
        }
    },
    {
        "model": "books.book",
        "pk": 5,
        "fields": {
            "title": "Мастер и Маргарита",
            "summary": "Роман о любви, власти и дьяволе.",
            "description": "Произведение Михаила Булгакова, смешивающее фантастику и реальность. В книге рассматриваются темы любви, власти, дьявола и человеческой природы. Это одно из самых известных произведений русской литературы.",
            "authors": [5],
            "genre": [1, 4, 5]
        }
    },
    {
        "model": "books.book",
        "pk": 6,
        "fields": {
            "title": "Письма к женщине",
            "summary": "Сборник стихов о любви и страсти.",
            "description": "Сборник стихотворений Сергея Есенина, наполненный лирикой и эмоциями. В книге рассматриваются темы любви, страсти и человеческой природы. Это одно из самых известных произведений русской поэзии.",
            "authors": [6],
            "genre": [2]
        }
    },
    {
        "model": "books.book",
        "pk": 7,
        "fields": {
            "title": "Стихи о Прекрасной Даме",
            "summary": "Поэзия о красоте и любви.",
            "description": "Сборник стихотворений Александра Блока, отражающий его восприятие красоты. В книге рассматриваются темы любви, красоты и человеческой природы. Это одно из самых известных произведений русской поэзии.",
            "authors": [7],
            "genre": [2]
        }
    },
    {
        "model": "books.book",
        "pk": 8,
        "fields": {
            "title": "Зимняя ночь",
            "summary": "Поэзия о зимнем настроении.",
            "description": "Стихотворение Иосифа Бродского, полное образов зимней природы. В книге рассматриваются темы природы, зимы и человеческой природы. Это одно из самых известных произведений русской поэзии.",
            "authors": [8],
            "genre": [2]
        }
    },
    {
        "model": "books.book",
        "pk": 9,
        "fields": {
            "title": "Корабль дураков",
            "summary": "Роман о человеческой глупости.",
            "description": "Роман Андрея Платонова, исследующий тему человеческой глупости и заблуждений. В книге рассматриваются темы глупости, заблуждений и человеческой природы. Это одно из самых известных произведений русской литературы.",
            "authors": [9],
            "genre": [1, 9]
        }
    },
    {
        "model": "books.book",
        "pk": 10,
        "fields": {
            "title": "Стихи о любви",
            "summary": "Сборник стихов о любви и жизни.",
            "description": "Сборник стихов Саши Черного, наполненный лирикой и жизненной мудростью. В книге рассматриваются темы любви, жизни и человеческой природы. Это одно из самых известных произведений русской поэзии.",
            "authors": [10],
            "genre": [2]
        }
    },
    {
        "model": "books.book",
        "pk": 11,
        "fields": {
            "title": "Собачье сердце",
            "summary": "Сатирическая повесть о превращении пса в человека.",
            "description": "Повесть Михаила Булгакова о проведении эксперимента, в результате которого собака становится человеком. В книге рассматриваются темы науки, морали и человеческой природы. Это одно из самых известных произведений русской литературы.",
            "authors": [5],
            "genre": [1, 9]
        }
    },
    {
        "model": "books.book",
        "pk": 12,
        "fields": {
            "title": "Крейцерова соната",
            "summary": "Роман о страсти и ревности.",
            "description": "Роман Льва Толстого о ревности и любви, основанный на музыке Бетховена. В книге рассматриваются темы страсти, ревности и человеческой природы. Это одно из самых известных произведений русской литературы.",
            "authors": [1],
            "genre": [1]
        }
    },
    {
        "model": "books.book",
        "pk": 13,
        "fields": {
            "title": "Человек в футляре",
            "summary": "Рассказ о человеке, который замкнулся в себе.",
            "description": "Рассказ Антона Чехова о жизни человека, который не желает покидать свой 'футляр'. В книге рассматриваются темы одиночества, замкнутости и человеческой природы. Это одно из самых известных произведений русской литературы.",
            "authors": [3],
            "genre": [1]
        }
    },
    {
        "model": "books.book",
        "pk": 14,
        "fields": {
            "title": "Человек с развитыми чувствами",
            "summary": "Роман о человеческой природе.",
            "description": "Роман Андрея Платонова, исследующий человеческие чувства и природу. В книге рассматриваются темы чувств, природы и человеческой природы. Это одно из самых известных произведений русской литературы.",
            "authors": [9],
            "genre": [1, 4]
        }
    },
    {
        "model": "books.book",
        "pk": 15,
        "fields": {
            "title": "Огни в небе",
            "summary": "Поэтический сборник.",
            "description": "Сборник стихотворений Саши Черного о природе и жизни. В книге рассматриваются темы природы, жизни и человеческой природы. Это одно из самых известных произведений русской поэзии.",
            "authors": [10],
            "genre": [2]
        }
    },
    {
        "model": "books.book",
        "pk": 16,
        "fields": {
            "title": "Мертвые души",
            "summary": "Сатирический роман о российской действительности.",
            "description": "Роман Николая Гоголя, исследующий тему российской действительности. В книге рассматриваются темы сатиры, общества и человеческой природы. Это одно из самых известных произведений русской литературы.",
            "authors": [11],
            "genre": [1, 9]
        }
    },
    {
        "model": "books.book",
        "pk": 17,
        "fields": {
            "title": "Евгений Онегин",
            "summary": "Роман в стихах о жизни и любви.",
            "description": "Роман Александра Пушкина, исследующий тему жизни и любви. В книге рассматриваются темы любви, жизни и человеческой природы. Это одно из самых известных произведений русской литературы.",
            "authors": [12],
            "genre": [1, 2]
        }
    },
    {
        "model": "books.book",
        "pk": 18,
        "fields": {
            "title": "Лолита",
            "summary": "Роман о запретной любви.",
            "description": "Роман Владимира Набокова, исследующий тему запретной любви. В книге рассматриваются темы любви, запрета и человеческой природы. Это одно из самых известных произведений русской литературы.",
            "authors": [13],
            "genre": [1]
        }
    },
    {
        "model": "books.book",
        "pk": 19,
        "fields": {
            "title": "Мать",
            "summary": "Роман о революционной борьбе.",
            "description": "Роман Максима Горького, исследующий тему революционной борьбы. В книге рассматриваются темы революции, борьбы и человеческой природы. Это одно из самых известных произведений русской литературы.",
            "authors": [14],
            "genre": [1]
        }
    },
    {
        "model": "books.book",
        "pk": 20,
        "fields": {
            "title": "12",
            "summary": "Поэма о революции.",
            "description": "Поэма Владимира Маяковского, исследующая тему революции. В книге рассматриваются темы революции, борьбы и человеческой природы. Это одно из самых известных произведений русской поэзии.",
            "authors": [15],
            "genre": [2]
        }
    },
    {
        "model": "books.book",
        "pk": 21,
        "fields": {
            "title": "Реквием",
            "summary": "Поэма о сталинских репрессиях.",
            "description": "Поэма Анны Ахматовой, исследующая тему сталинских репрессий. В книге рассматриваются темы репрессий, страданий и человеческой природы. Это одно из самых известных произведений русской поэзии.",
            "authors": [16],
            "genre": [2]
        }
    },
    {
        "model": "books.book",
        "pk": 22,
        "fields": {
            "title": "Стихотворения",
            "summary": "Сборник стихов Осипа Мандельштама.",
            "description": "Сборник стихотворений Осипа Мандельштама, исследующий тему жизни и смерти. В книге рассматриваются темы жизни, смерти и человеческой природы. Это одно из самых известных произведений русской поэзии.",
            "authors": [17],
            "genre": [2]
        }
    },
    {
        "model": "books.book",
        "pk": 23,
        "fields": {
            "title": "Поэмы",
            "summary": "Сборник поэм Марины Цветаевой.",
            "description": "Сборник поэм Марины Цветаевой, исследующий тему любви и жизни. В книге рассматриваются темы любви, жизни и человеческой природы. Это одно из самых известных произведений русской поэзии.",
            "authors": [18],
            "genre": [2]
        }
    },
    {
        "model": "books.book",
        "pk": 24,
        "fields": {
            "title": "Доктор Живаго",
            "summary": "Роман о жизни и любви.",
            "description": "Роман Бориса Пастернака, исследующий тему жизни и любви. В книге рассматриваются темы любви, жизни и человеческой природы. Это одно из самых известных произведений русской литературы.",
            "authors": [19],
            "genre": [1]
        }
    },
    {
        "model": "books.book",
        "pk": 25,
        "fields": {
            "title": "Стихи",
            "summary": "Сборник стихов Владимира Высоцкого.",
            "description": "Сборник стихотворений Владимира Высоцкого, исследующий тему жизни и смерти. В книге рассматриваются темы жизни, смерти и человеческой природы. Это одно из самых известных произведений русской поэзии.",
            "authors": [20],
            "genre": [2]
        }
    },
    {
        "model": "books.book",
        "pk": 26,
        "fields": {
            "title": "Идиот",
            "summary": "Роман о чистом человеке в жестоком мире.",
            "description": "Роман Федора Достоевского, исследующий тему чистого человека в жестоком мире. В книге рассматриваются темы добра, зла и человеческой природы. Это одно из самых известных произведений русской литературы.",
            "authors": [2],
            "genre": [1]
        }
    },
    {
        "model": "books.book",
        "pk": 27,
        "fields": {
            "title": "Братья Карамазовы",
            "summary": "Роман о вечной борьбе добра и зла.",
            "description": "Роман Федора Достоевского, исследующий тему вечной борьбы добра и зла. В книге рассматриваются темы добра, зла и человеческой природы. Это одно из самых известных произведений русской литературы.",
            "authors": [2],
            "genre": [1]
        }
    },
    {
        "model": "books.book",
        "pk": 28,
        "fields": {
            "title": "Белые ночи",
            "summary": "Роман о любви и мечтах.",
            "description": "Роман Федора Достоевского, исследующий тему любви и мечтаний. В книге рассматриваются темы любви, мечтаний и человеческой природы. Это одно из самых известных произведений русской литературы.",
            "authors": [2],
            "genre": [1]
        }
    },
    {
        "model": "books.book",
        "pk": 29,
        "fields": {
            "title": "Вишневый сад",
            "summary": "Пьеса о переменах и утратах.",
            "description": "Пьеса Антона Чехова, исследующая тему перемен и утрат. В книге рассматриваются темы перемен, утрат и человеческой природы. Это одно из самых известных произведений русской драматургии.",
            "authors": [3],
            "genre": [3]
        }
    },
    {
        "model": "books.book",
        "pk": 30,
        "fields": {
            "title": "Дядя Ваня",
            "summary": "Пьеса о жизни и мечтах.",
            "description": "Пьеса Антона Чехова, исследующая тему жизни и мечтаний. В книге рассматриваются темы жизни, мечтаний и человеческой природы. Это одно из самых известных произведений русской драматургии.",
            "authors": [3],
            "genre": [3]
        }
    }
]
